id,name,itineraries,url,address,country,city,region,description,breakfast,lunch,dinner,drinks,coffee,snacks
54,%2 Jazz,Sweet Snacks,http://2percentjazz.com,1701 Douglas St.,Canada,Victoria,BC,Old school coffee roasters with a lot of charm,No,No,No,No,Yes,Yes
241,1 Pot,,,123 3 Ave SE,Canada,Calgary,AB,,No,No,No,No,No,No
61,10 Acres,"Local Specialities, Patio Life",http://10acres.ca/,611 Courtney St.,Canada,Victoria,BC,"A little something for everyone, casual environment",No,Yes,Yes,Yes,No,No
46,17 Mile House Pub,,http://www.17milehouse.com/,5126 Sooke Rd,Canada,Sooke,BC,Historical pub with an epic back patio and lawn games,No,Yes,Yes,Yes,No,No
84,4 Stones Vegetarian,,https://www.fourstonesvegetarian.com/,7771 Westminster Hwy,Canada,Richmond,BC,,No,No,No,No,No,No
563,6 Degrees,,https://www.6degreeseatery.com/,1590 Coal Harbour Quay,Canada,Vancouver,BC,,Yes,Yes,No,Yes,Yes,Yes
157,Aalto Bistro,,http://www.aalto.is/,Sæmundargata 11,Iceland,Reykjavik,Reykjavik,,No,No,No,No,No,No
211,Abuelos,,," Centro - Supmza. 001, Isla Mujeres",Mexico,Cancun,Quintana Roo,,No,No,No,No,No,No
39,Agrius,"Belly up to the Bar, Dining out in Style, Greatest Hits, Local Specialities",https://www.agriusrestaurant.com/,732 Yates St.,Canada,Victoria,BC,Upscale dining and classy to go baked goods,No,Yes,Yes,No,Yes,Yes
521,Ahi assassin's,,,3111 Castle St,USA,Honolulu,Hawaii,Sustainable poke,No,Yes,Yes,No,No,No
198,Aldea Corazon,,,Quinta Avenida 17 Mz. 27 Lote 14,Mexico,Playa del Carmen,Quintana Roo,,No,No,No,No,No,No
251,Alderlea Farm,,https://www.alderleafarm.com/,3390 Glenora Road,Canada,Sooke,BC,,No,No,No,No,No,No
492,Alicia's Market,,,267 Mokauea St,USA,Honolulu,Hawaii,Roast meats and poke,No,Yes,No,No,No,No
179,Almirante Pech,,http://almirantepech.com/,5ª Av Esq C/30 esquina Calle 30,Mexico,Playa del Carmen,Quintana Roo,,No,No,No,No,No,No
185,Alux,,http://www.aluxrestaurant.com/en/restaurant-cavern-in-playa-del-carmen.html,Av. Juárez Mza. 217,Mexico,Playa del Carmen,Quintana Roo,,No,No,No,No,No,No
404,Anastasia,,,"Restaurant Anastasia Samariterstraße 13, 10247",Germany,Berlin,Brandenburg,Susan recommenced Russian food,No,No,Yes,No,No,No
335,Anatolia,,https://www.anatoliarestaurant.com/,112 Dundas Street W,Canada,Toronto,ON,Turkish,No,No,Yes,No,No,No
417,Ann and Chi,,,3388 Main Street,Canada,Vancouver,BC,Modern vietnamese,No,Yes,Yes,No,No,No
533,Arbutus Coffee,,http://www.arbutuscoffee.ca/menu/,2200 Arbutus Street,Canada,Vancouver,BC,"Coffee, light lunches and breakfast pastries",Yes,Yes,No,No,Yes,Yes
308,Arminius Market Hall,,https://arminiusmarkthalle.com/,"Arminiusstraße 2-4, 10551",Germany,Berlin,Brandenburg,,No,No,No,No,No,No
599,Ask for Luigi,,,,Canada,Vancouver,BC,,No,No,No,No,No,No
109,Askur,,http://www.askur.is/index.php/en/english,Suðurlandsbraut 4,Iceland,Reykjavik,,,No,No,No,No,No,No
296,Attendant Fitzrovia,,https://the-attendant.com/,27A Foley St,England,London,,Coffee bar in an old bathroom,No,No,No,No,Yes,Yes
59,Avalon,Brunch for Days,,1075 Fort St,Canada,Victoria,BC,"Small, classic diner",Yes,Yes,No,No,No,No
60,Ayo Eat,Cheap Eats,,140-560 Johnson St. (Inner northwest corner of Market Square),Canada,Victoria,BC,Spicy Indonesian take out,No,Yes,No,No,No,No
516,Ba Le Bahn Mi,,https://ba-le-deli-victoria.business.site,774 Fort St,Canada,Victoria,BC,Vietnamese-style subs,No,Yes,No,No,No,No
186,Babe's Noodles and Bar,,https://www.babesnoodlesandbar.com/,Calle 10,Mexico,Playa del Carmen,Quintana Roo,,No,No,No,No,No,No
123,Bæjarins Beztu Pylsur,,http://bbp.is/en/,"Tryggvatagata 1, 101",Iceland,Reykjavik,,,No,No,No,No,No,No
325,Bahn Mi Boys,,http://www.banhmiboys.com/,392 Queen St W,Canada,Toronto,ON,,No,Yes,Yes,No,No,No
314,Balzac's Coffee,,http://www.balzacs.com/locations/liberty-village/,43 Hanna Ave #123,Canada,Toronto,ON,,No,No,No,No,Yes,Yes
549,Banan,,https://banan.co/,2301 Kalakaua Ave,USA,Honolulu,Hawaii,Dairy free ice cream treats,No,Yes,Yes,No,No,Yes
425,Bao Bei,,https://www.bao-bei.ca/,163 Keefer st,Canada,Vancouver,BC,Chinese Brasserie,No,No,Yes,No,No,No
300,BAO Fitzrovia,,https://baolondon.com/,31 Windmill St,England,London,,Bao buns,No,Yes,Yes,No,No,No
154,Bar Ananas,,,Klapparstígur 28,Iceland,Reykjavik,Reykjavik,,No,No,No,No,No,No
342,Bar Chef,,,472 Queen St W,Canada,Toronto,ON,Fancy cocktails and homemade bitters,No,No,No,Yes,No,No
290,Bar Douro,,,"35B, Bar Douro, Arch, 85B Southwark Bridge Rd",England,London,,Portuguese tapas,No,Yes,Yes,No,No,No
541,Bar Leather Apron,,https://www.barleatherapron.com/,745 Fort Street Mall Suite #127,USA,Honolulu,Hawaii,Fancy cocktails,No,No,Yes,Yes,No,No
190,Bar Ranita,,,Calle 10 Nte,Mexico,Playa del Carmen,Quintana Roo,,No,No,No,No,No,No
317,Barcelona Bar,,https://barcelonatavern.com/toronto/always-fresh-locally-sourced/,"Corner of Hanna Ave &, Snooker St",Canada,Toronto,ON,Spanish tapas,No,Yes,Yes,No,No,No
41,Bard and Banker,Craft Draught Beer,https://bardandbanker.com/,1022 Government St,Canada,Victoria,BC,High-street pub with large tables and higher prices,Yes,Yes,Yes,Yes,No,No
49,Be Love,"Belly up to the Bar, Gluten-free Friendly, Vegetarian",http://beloverestaurant.ca/,1019 Blanshard St.,Canada,Victoria,BC,The best vegan food the city has to offer,No,Yes,Yes,Yes,No,No
527,Beach Ave,,https://www.beachavebarandgrill.com/menu,1-1012 Beach Avenue,Canada,Vancouver,BC,"Casual burgers, snacks and foods",Yes,Yes,Yes,No,No,No
515,Beacon Drive In,Sweet Snacks,,126 Douglas St,Canada,Victoria,BC,Old school diner with lots of ice cream options,No,No,No,No,No,Yes
160,Beer Garden,,,Porunnartun 1,Iceland,Reykjavik,Reykjavik,,No,No,No,No,No,No
348,Beereau,,,,Germany,Berlin,Brandenburg,,No,No,No,Yes,No,No
437,Bengal Barbecue,,https://allears.net/dlr/dining/menu/bengal-barbecue/lunch-dinner/,Adventureland,USA,Disneyland,California,"Poke bowls, bbq and rice bowls",No,Yes,Yes,No,No,No
150,Bergsson Mathús,,http://www.bergsson.net/,Templarasund 3,Iceland,Reykjavik,Reykjavik,,No,No,No,No,No,No
51,Big Wheel Burger,"Burgerz & Friez, Gluten-free Friendly, Vegetarian",http://bigwheelburger.com,341 Cook St.,Canada,Victoria,BC,Casual fast-food style burgers but with local ingredients,No,Yes,Yes,No,No,No
47,Bin 4 Burger Lounge,Burgerz & Friez,http://www.bin4burgerlounge.com/,911 Yates St.,Canada,Victoria,BC,,No,No,No,No,No,No
536,Black Kettle Brewery,,https://www.blackkettlebrewing.com/,720 Copping Street – Unit 106,Canada,Vancouver,BC,Good drinking food,No,Yes,Yes,No,No,No
401,Black rock,,,"9 Christopher st, Finsbury",England,London,,Whiskey bar,No,No,No,Yes,No,No
258,Blackfoot Diner,,,,Canada,Calgary,AB,,No,No,No,No,No,No
487,Blue Bag Coffee Roasters,,,"Calle 55 543, Barrio de Santiago, Centro",Mexico,Merida,Yucatan,,No,No,No,No,Yes,Yes
58,Blue Fox Cafe,Brunch for Days,,919 Fort Street,Canada,Victoria,BC,"An infamous brunch spot, but the lines are intense",Yes,Yes,No,No,No,No
106,Blue Nile,,,,Canada,Victoria,BC,,No,No,No,No,No,No
219,Blue Star Diner,,http://www.bluestardiner.ca/,809 - 1 Ave NE,Canada,Calgary,AB,Nice diner food. Very popular.,Yes,Yes,Yes,No,No,No
284,Bob Bob Ricard,,https://www.bobbobricard.com/,1 Upper James St,England,London,,Fancy British-Russian in Art Deco interior,No,Yes,Yes,No,No,No
233,Boogie's Burgers,,http://boogiesburgers.com/,908 Edmonton Trail NE,Canada,Calgary,AB,,No,No,No,No,No,No
239,Bookers,,https://bookersbbq.com/,316 3 St SE,Canada,Calgary,AB,Meat. All the meat.,No,No,Yes,No,No,No
565,Boom and Batten,"Belly up to the Bar, Dining out in Style, Local Specialities",https://boomandbatten.com/,2 Paul Kane Pl,Canada,Victoria,BC,"Great cocktails, fancy but great value locally-sourced food",No,Yes,Yes,Yes,Yes,Yes
388,Borpatika,,,"Bertalan Lajos u. 26, 1111",Hungary,Budapest,,A neighbourhood 'pharmacy bar' with an amazing Pogácsa pastry,No,No,No,Yes,No,No
395,Boutiq Bar,,,"Paulay Ede u. 5, 1061",Hungary,Budapest,,Ed's favourite cocktail place,No,No,No,Yes,No,No
35,Brasserie L'Ecole,"Burgerz & Friez, Dining out in Style, Greatest Hits",http://www.lecole.ca/,1715 Government St,Canada,Victoria,BC,Classic French food. They do not take reservations so be prepared to line up right at 5pm,No,No,Yes,Yes,No,No
271,Brasserie Zédel,,https://www.brasseriezedel.com/,20 Sherwood St,England,London,,French food in an art deco atmosphere,No,Yes,Yes,Yes,No,No
301,Brawn,,http://www.brawn.co/,49 Columbia Rd,England,London,,Locally sourced European dishes,No,Yes,Yes,No,No,No
311,Brick Lane Brasserie,,http://www.bricklanebrasserie.com/,"67 Brick Ln, Spitalfields",England,London,,"Tandoori, biryani",No,Yes,Yes,No,No,No
526,Bridges,,https://www.bridgesrestaurant.com/menu,1696 Duranleau Street,Canada,Vancouver,BC,"A little bit of everything, more upscale pricing",No,Yes,No,Yes,Yes,Yes
288,Brigadiers,,https://brigadierslondon.com/,1-5 Bloomberg Arcade,England,London,,Indian BBQ,No,Yes,Yes,No,No,No
171,Briggs,,http://www.briggskandb.com/,100 – 317 10th Avenue SW,Canada,Calgary,AB,,No,No,No,No,No,No
459,Brix and Mortar,,https://www.brixandmortar.ca/,1137 Hamilton Street,Canada,Vancouver,BC,"Upscale food, great wine list",No,No,Yes,No,No,No
461,Bubba Gump Shrimp,,https://www.bubbagump.com/menus_pdf/BGAN_main.pdf,321 W Katella Ave Suite 101,USA,Disneyland,California,Shrimp and seafood themed after Forrest Gump,No,Yes,Yes,Yes,No,No
396,Budapest Bagel,,,"Baross u. 4, 1085 ",Hungary,Budapest,,Cheap and fast breakfast,Yes,No,No,No,No,No
418,Budgie's Burritos,,,44 Kingsway,Canada,Vancouver,BC,Casual tex mex to go,No,Yes,Yes,No,No,No
456,Burdoc and Co,,,,Canada,Vancouver,BC,,No,No,No,No,No,No
416,Burdock and Co,,,2702 Main St,Canada,Vancouver,BC,Locally sourced goodness. Brunch is worth it,Yes,No,Yes,No,No,No
228,Burger 320,,http://www.burger320.com/,814 1 Ave NE,Canada,Calgary,AB,,No,Yes,Yes,No,No,No
242,Butcher and the Baker,,http://www.butcherbakeryyc.com/,250 6 Ave SW #181,Canada,Calgary,AB,,No,No,No,No,No,No
118,Café Babalú,,http://www.babalu.is/,"Skólavörðustígur 22, 101 ",Iceland,Reykjavik,,,No,No,No,No,No,No
351,Cafe Botanico,,https://www.cafe-botanico.de/speisekarte/," Richardstraße 100, 12043",Germany,Berlin,Brandenburg,Garden patio with an emphasis on local vegetables,No,No,Yes,Yes,No,No
170,Cafe Brio,Dining out in Style,,944 Fort St,Canada,Victoria,BC,,No,No,No,No,No,No
152,Café Haiti,,,Geirsgata 7c,Iceland,Reykjavik,Reykjavik,,No,No,No,No,No,No
24,Cafe Mexico,"Belly up to the Bar, Taco Party",http://cafemexico.com/,1425 Store St,Canada,Victoria,BC,,No,Yes,Yes,Yes,No,No
481,Cafe Montejo,,,"Calle 59 584, entre 72 y 74 Entre las esquinas de ""El SOldado y la Piña, Barrio de Santiago",Mexico,Merida,Yucatan,,Yes,No,Yes,No,Yes,Yes
443,Cafe Orleans,,https://allears.net/dlr/dining/menu/cafe-orleans/lunch-dinner/,New Orleans Square,USA,Disneyland,California,"New Orleans cuisine, a bit more expensive",No,Yes,Yes,No,No,No
372,Cahoots London,,,13 Kingly Court,England,London,,1940s style cocktail bar,No,No,No,Yes,No,No
225,Cannibale Barbershop,,https://www.cannibale.ca/,813 1 Ave NE,Canada,Calgary,AB,Cocktails in a barber shop,No,No,Yes,Yes,No,No
56,Canoe Brewpub,Craft Draught Beer,http://www.canoebrewpub.com/,450 Swift St.,Canada,Victoria,BC,Brewpub known for its epic patio,No,Yes,Yes,Yes,No,No
207,caribbean brisas,,," Payo Obispo 722, Meteorológico, Isla Mujeres",Mexico,Cancun,Quintana Roo,,No,No,No,No,No,No
188,Carmen Beer Co,,http://carmenbeerco.com/,Avenida Balamkanche Manzana 30 Lote 2,Mexico,Playa del Carmen,Quintana Roo,,No,No,No,No,No,No
442,Carnation Cafe,,https://allears.net/dlr/dining/menu/carnation-cafe/lunch-dinner/,"Main Street, U.S.A.",USA,Disneyland,California,More upscale menu with a little something for everyone. The potato soup sounds great.,No,Yes,Yes,No,No,No
205,Casa Rolandi,,,"Kukulkan, Zona Hotelera",Mexico,Cancun,Quintana Roo,,No,No,No,No,No,No
464,Catal Restaurant,,https://disneyland.disney.go.com/dining/downtown-disney-district/catal-restaurant/," Downtown Disney, 1580 Disneyland Dr",USA,Disneyland,California,Mediterranean food in a lovely setting,No,Yes,Yes,No,No,No
446,Cathay Circle,,https://allears.net/dlr/dining/menu/carthay-circle/dinner/,Buena Vista Street,USA,Disneyland,California,Upscale California Cuisine,No,Yes,Yes,No,No,No
255,Cenote,Belly up to the Bar,http://www.cenoteloungevictoria.ca/,768 Yates St,Canada,Victoria,BC,Underground cocktails,No,No,Yes,Yes,No,No
532,Chaise,,https://www.chaiseonmain.com/,4444 Main Street,Canada,Vancouver,BC,"Weekly features, lots of variety, good drinking food",No,Yes,Yes,Yes,No,No
354,Chapel Bar,,,Sonntagstrasse 30,Germany,Berlin,Brandenburg,"Convivial, casual vibes",No,No,No,Yes,No,No
74,Cheng Du Xiao Chi,,,4160 No 3 Rd,Canada,Richmond,BC,,No,No,No,No,No,No
187,Chez Céline,,http://www.chezceline.com.mx/,5ta Avenida con calle 34,Mexico,Playa del Carmen,Quintana Roo,,No,No,No,No,No,No
310,Chez Elles Bistroquet,,http://www.chezellesbistroquet.co.uk/,"45 Brick Ln, Spitalfields",England,London,,,No,No,No,No,No,No
412,Chickpea Restaurant,,,4298 Main St,Canada,Vancouver,BC,Scout Mag says get the sabich platter,No,Yes,Yes,No,No,No
514,Chocolat Flavoris,Sweet Snacks,,1010 Government St,Canada,Victoria,BC,Dipped soft serve in the flavour of your choice,No,No,No,No,No,No
5,Chorizo & Co,,,807 Fort St,Canada,Victoria,BC,,No,No,No,No,No,No
107,Chuck norris,,https://m.facebook.com/chucknorrisgrill,"Laugavegur 30, 101",Iceland,Reykjavik,Reykjavik,,No,No,No,No,No,No
55,Chuck's Burger Bar,,http://chucksburgerbar.com,2031 Malaview Ave W,Canada,Sidney,BC,Excellent burgers,No,Yes,Yes,Yes,No,No
494,Chun Wah Kam,,,537 Pensacola St,USA,Honolulu,Hawaii,MANAPUA steam buns,Yes,Yes,No,No,No,No
546,Chun Wah Kam,,https://chunwahkam.com/,537 Pensacola St,USA,Honolulu,Hawaii,"Noodles, dim sum and char sui",Yes,Yes,No,No,No,No
600,Citrus and Cane,Belly up to the Bar,https://www.citrusandcane.com/drinks,1900 Douglas St,Canada,Victoria,BC,Fancy tropical cocktails,No,No,No,Yes,No,No
312,City Spice,,http://city-spice.london/,"138 Brick Ln, Spitalfields",England,London,,Tandoori and bangledeshi,No,Yes,Yes,No,No,No
267,Ciullosteria,,http://www.ciullosteria.com/,"31 Balham High Rd, Balham",England,London,,Casual southern italian fare,No,No,Yes,Yes,No,No
344,Civil Liberties,,,878 Bloor St Q,Canada,Toronto,ON,Prohibition-style cocktails,No,No,No,Yes,No,No
23,Clarke & Co,Belly up to the Bar,http://clarke-co.ca,1002 Blanshard St,Canada,Victoria,BC,,No,No,Yes,Yes,No,No
507,Clive's,"Belly up to the Bar, Greatest Hits",,740 Burdett Ave,Canada,Victoria,BC,Upscale cocktails with world-class service,No,No,No,Yes,No,No
194,Club de la Cerveza,,http://www.clubdelacerveza.mx/,5 Av. Norte entre calles 34 y 38 Norte,Mexico,Playa del Carmen,Quintana Roo,,No,No,No,No,No,No
477,Cochinita,,,"Calle 64 376, Centro",Mexico,Merida,Yucatan,Seafood,No,Yes,No,No,No,No
343,Cocktail Bar,,,923 Dundas St W,Canada,Toronto,ON,Retro style bar,No,No,No,Yes,No,No
511,Cold Comfort,"Sweet Snacks, Vegetarian",https://www.coldcomfort.ca/,1115 N Park St #2,Canada,Victoria,BC,"Scoops, pints and ice cream sandwiches in unique flavours. Vegan and dairy free options available.",No,No,No,No,No,Yes
262,Cold Garden,,,,Canada,Calgary,AB,,No,No,No,No,No,No
402,Connaught hotel bar,,,"Connaught Bar Connaught, Carlos Pl, Mayfair",England,London,,Recommended by the bartender at the Savoy,No,No,No,Yes,No,No
535,Coo Coo Coffee,,,477 Davie st,Canada,Vancouver,BC,,Yes,Yes,No,No,Yes,Yes
175,Craft Beer Market Downtown,,http://www.craftbeermarket.ca/calgary/downtown#,345 10 AVE SW,Canada,Calgary,AB,,No,No,No,No,No,No
62,Crust Bakery,Sweet Snacks,http://www.crustbakery.ca/,730 Fort st,Canada,Victoria,BC,Delicious treats,No,Yes,No,No,No,No
356,ČSA Bar,,http://www.csa-bar.de/,Karl-Marx-Allee 96,Germany,Berlin,Brandenburg,Vintage 60s vibes in this old Czech national airline offices building,No,No,No,Yes,No,No
407,Csendes Vintage bar,,,"Ferenczy István u. 5, 1053",Hungary,Budapest,,Quieter ruin pub. Cash only.,No,No,No,Yes,No,No
539,Dalina,,https://dalina.ca/,687 Main Street,Canada,Vancouver,BC,Quirky brunch and affordable to-go options,Yes,Yes,No,No,Yes,Yes
261,Dandy Brewing,,,,Canada,Calgary,AB,,No,No,No,No,No,No
90,Darcy's Pub,Craft Draught Beer,http://darcyspub.ca/downtown/,1127 Wharf St,Canada,Victoria,BC,Casual pub with frequent live music,No,Yes,Yes,Yes,No,No
430,Dave's Hot Chicken,,https://www.daveshotchicken.com/,970 N Western Ave,USA,Los Angeles,California,Nashville Hot Chicken,No,Yes,Yes,No,No,No
65,DeadBeetz Food Truck,"Burgerz & Friez, Greatest Hits",,Behind the museum,Canada,Victoria,BC,Food truck with the best burger in town,No,Yes,Yes,No,No,No
508,Deadbeetz Restaurant,"Burgerz & Friez, Vegetarian",https://www.deadbeetz.com/,1950 D Oak Bay Ave,Canada,Victoria,BC,"The only burger we crave. All the comfort of McDs with high quality, local ingredients",No,No,Yes,No,No,No
200,Diablito Cha Cha Cha,,http://diablitochachacha.com/,Calle Flamingo SN,Mexico,Playa del Carmen,Quintana Roo,,No,No,No,No,No,No
155,Dill,,https://www.google.ca/url?sa=t&rct=j&q=&esrc=s&source=web&cd=1&ved=0ahUKEwiz1czOlODWAhUD4WMKHaFZBI4QFggnMAA&url=https%3A%2F%2Fdillrestaurant.is%2F&usg=AOvVaw0bXyUUg4PXAlFks1Ij8dmB,Hverfisgata 12,Iceland,Reykjavik,Reykjavik,,No,No,No,No,No,No
172,Diner Deluxe,,http://www.dinerdeluxe.com/,104 - 350 ASPEN GLEN LANDING SW,Canada,Calgary,AB,,No,No,No,No,No,No
80,Dinesty Dumpling House,,,3779 Sexsmith Rd,Canada,Richmond,BC,,No,No,No,No,No,No
422,Dinesty Dumplings,,,"1719 Robson Street,",Canada,Vancouver,BC,,No,Yes,Yes,No,No,No
192,Dirty Martini Lounge,,https://www.facebook.com/dirtymartinilounge/,Calle 10 Nte,Mexico,Playa del Carmen,Quintana Roo,,No,No,No,No,No,No
519,Discovery Coffee Oak Bay,,https://discoverycoffee.com/pages/locations,1964 Oak Bay Avenue,Canada,Victoria,BC,Great espresso based drinks,No,No,No,No,Yes,Yes
18,Discovery on Blanshard,,http://www.discovery.ca/,1001 Blanshard St,Canada,Victoria,BC,Always a solid cup of coffee with amazing doughnuts,No,No,No,No,Yes,Yes
292,Dishoom,,http://www.dishoom.com/,12 Upper St Martin's Ln,England,London,,Bombay style Indian,Yes,Yes,Yes,No,No,No
444,Docking Bay 7,,https://allears.net/dlr/dining/menu/docking-bay-7-food-and-cargo-dl/lunch-dinner/,Star Wars Land,USA,Disneyland,California,Midrange lunch and dinner options,No,Yes,Yes,No,No,No
564,Doner Stop,,https://www.donerstop.ca/,980 Granville St,Canada,Vancouver,BC,Berlin-style kebab,No,Yes,Yes,No,No,No
332,Doner Street,,,Zonen Alley,Germany,Berlin,Brandenburg,Maz’s friend can show us around,No,Yes,Yes,No,No,No
557,Doraku Sushi,,https://www.dorakusushi.com/store_locator/waikiki/,Royal Hawaiian Center 2233 Kalakaua Avenue Suite 304,USA,Honolulu,Hawaii,Reserve ahead. Daily bento boxes and sunday brunch,Yes,Yes,Yes,No,No,No
273,Dosa n Chutny,,http://www.dosanchutny.com/,68 Tooting High St,England,London,,South Indian and Sri Lankan,No,Yes,Yes,No,No,No
147,Durum,,http://durum.is/english/,Laugavegur 42,Iceland,Reykjavik,Reykjavik,,No,No,No,No,No,No
538,East Van Brewing,,https://www.eastvanbrewing.com/food-menu/,1675 Venables St,Canada,Vancouver,BC,Lobster rolls,No,No,No,No,No,No
355,Eatside im Universalhaus,,,Stralauer Allee 1,Germany,Berlin,Brandenburg,Reasonably priced cafeteria food in Universal HQ overlooking the river and bridge,No,Yes,No,Yes,No,No
476,El Apapacho,,,"Calle 62 354 x 41 y 43, Centro",Mexico,Merida,Yucatan,,Yes,Yes,Yes,No,No,No
201,El Atajo,,,Independencia 163,Mexico,Cancun,Quintana Roo,,No,No,No,No,No,No
478,El Barrio,,,"9700, Zona Paseo Montejo, Centro",Mexico,Merida,Yucatan,,Yes,No,No,No,No,No
470,El Cardinal,,,"Calle 63 527, Parque Santiago, Centro",Mexico,Merida,Yucatan,"Simple tapas, casual back garden",No,Yes,Yes,Yes,No,No
212,El Fish Fritanga,,,"Boulevard Kukulcan Km 12.6, Zona Hotelera",Mexico,Cancun,Quintana Roo,,No,No,No,No,No,No
177,El Fogon,,https://www.facebook.com/pg/El-Fogon-Playa-del-Carmen-Mexico-113664555317230,30 Avenida Nte.,Mexico,Playa del Carmen,Quintana Roo,,No,No,No,No,No,No
64,El Furniture Warehouse,Cheap Eats,http://www.warehousegroup.ca/el-furniture-warehouse-victoria,533 Yates st,Canada,Victoria,BC,"Everything on the  food menu is $5, but portion sizes apply",No,Yes,Yes,Yes,No,No
468,El Lucero del Alba,,,"493 x, Calle 47, Calle 56, Centro",Mexico,Merida,Yucatan,A sports bar with the most options for botanas around,No,Yes,Yes,Yes,No,No
467,Eladio's,,https://www.eladios.com.mx/,"Calle 59 425, Parque de la Mejorada, Centro",Mexico,Merida,Yucatan,The chain that claims to have invented Cantina culture. Live music!,No,Yes,Yes,Yes,No,No
82,Empire Seafood,,,"London Plaza, 5951 Number 3 Rd #200",Canada,Richmond,BC,,No,No,No,No,No,No
433,Employees Only,,,7953 Santa Monica Blvd,USA,Los Angeles,California,Prohibition Style Cocktail Bar,No,No,No,Yes,No,No
409,Esca studio restaurant,,,"Dohány u. 29, 1074",Hungary,Budapest,,New nordic in a mid century modern interior. 50 euro tasting menu,No,No,Yes,No,No,No
393,Espresso Embassy,,,"Arany János u. 15, 1051",Hungary,Budapest,,,No,No,No,No,Yes,Yes
550,Ethel's Grill,,https://www.instagram.com/ethelsgrill_kalihi/,232 Kalihi st,USA,Honolulu,Hawaii,Casual Japanese,Yes,Yes,No,No,No,No
421,Farmer's Apprentice,,,1535 6th W Ave,Canada,Vancouver,BC,Slow Food approved local food,Yes,Yes,Yes,No,No,No
455,Farmer's Apprentice,,,,Canada,Vancouver,BC,,No,No,No,No,No,No
209,Fenix Lounge Isla Mujeres,,," Av Rueda Medina 78, Centro, 77400 Isla Mujeres",Mexico,Cancun,Quintana Roo,Amazing sunset views from the bar,No,No,No,Yes,No,No
248,Fernwood Inn,,http://fernwoodinn.com/,1302 Gladstone Ave,Canada,Victoria,BC,Midrange pub food,No,Yes,Yes,Yes,No,No
3,Ferris' Oyster Bar,"Burgerz & Friez, Greatest Hits, Local Specialities, Seafood",http://www.ferrisoysterbar.com,536 Yates st,Canada,Victoria,BC,Something for everyone at reasonable prices,No,Yes,Yes,Yes,No,No
6,Fish Hook,"Greatest Hits, Seafood",http://www.fishhookvic.com/,805 Fort St,Canada,Victoria,BC,"A modern, fun take on seafood",No,Yes,Yes,No,No,No
113,Fiskfelagid,,http://www.fiskfelagid.is/,"Vesturgötu 2a, Grófartorg ",Iceland,Reykjavik,,,No,No,No,No,No,No
111,Fjorukrain,,http://fjorukrain.is/,"Strandgata, Hafnarfjörður",Iceland,Reykjavik,,,No,No,No,No,No,No
9,Floating Fish Store,Seafood,https://floatingfishstore.com/,1 Dallas Rd,Canada,Victoria,BC,Skip Barb's and head here for a shorter line and higher quality,No,Yes,Yes,No,No,No
11,Floyds,Brunch for Days,http://www.floydsdiner.ca/,866 Yates St,Canada,Victoria,BC,,No,No,No,No,No,No
38,Flying Otter,Patio Life,http://www.flyingottergrill.com,950 Wharf St,Canada,Victoria,BC,Amazing harbour views from their restaurant on the docks,No,Yes,Yes,Yes,No,No
69,Fol Epi,Sweet Snacks,http://folepi.ca,398 Harbour Rd #101,Canada,Victoria,BC,,No,No,No,No,No,No
542,Foodland Farms,,,"1450 Ala Moana Blvd, Honolulu, HI 96814",USA,Honolulu,Hawaii,Grocery store with poke bar,No,Yes,Yes,No,No,No
543,Fort Ruger Market,,https://www.facebook.com/RugerMarket/,3585 Alohea Ave,USA,Honolulu,Hawaii,Supermarket with poke,No,Yes,Yes,No,No,No
320,Founder,,https://founderbar.com/,1282 Dundas St W,Canada,Toronto,ON,Classy cocktails and snacks,No,No,No,Yes,No,No
21,Frankie's Modern Diner,Cheap Eats,http://frankiesmoderndiner.com/,910 Government st,Canada,Victoria,BC,"Italian-style food in a diner, family-friendly setting",Yes,Yes,Yes,Yes,No,No
376,Frederick's,,,Camden Passage,England,London,,Set menu for 3 course (21),No,Yes,Yes,No,No,No
158,Friðrik V,,https://www.stefna.is,Laugavegur 60,Iceland,Reykjavik,Reykjavik,,No,No,No,No,No,No
287,Galvin La Chapelle,,https://www.galvinrestaurants.com/s/61/galvin-la-chapelle,35 Spital Square,England,London,,Fancy french food,No,Yes,Yes,No,No,No
16,Garrick's Head,Craft Draught Beer,https://garrickshead.com/,1140 Government St,Canada,Victoria,BC,An excellent tap selection,No,Yes,Yes,Yes,No,No
544,Gina's BBQ,,https://ginasbbq.com/,2919 Kapiolani Blvd #2,USA,Honolulu,Hawaii,Hawaiian style BBQ,No,Yes,Yes,No,No,No
506,Glenterra Winery,,,"3897 Cobble Hill Rd, Cobble Hill, British Columbia V0R 1L5",Canada,Cobble Hill,BC,,No,No,No,Yes,No,No
142,Glo,,http://www.glo.is/,Laugavegur 20b,Iceland,Reykjavik,Reykjavik,,No,No,No,No,No,No
131,Glo Restaurant,Patio Life,https://glovictoria.com/,2940 Jutland Rd,Canada,Victoria,BC,The patio has an amazing view of the waterway,No,Yes,Yes,Yes,No,No
274,Gold Mine,,,102 Queensway,England,London,,Good value chinese,No,Yes,Yes,No,No,No
329,Gozen,Seafood,,1005 Langley St,Canada,Victoria,BC,Excellent lunch gozen special,No,Yes,Yes,No,No,No
117,Granda Kaffi,,http://www.visitreykjavik.is/grandakaffi,Grandagardur 101,Iceland,Reykjavik,,,No,No,No,No,No,No
252,Green Cuisine,Vegetarian,http://www.greencuisine.com/,560 Johnson St #5,Canada,Victoria,BC,Vegetarian-focused buffet inside of Market Square,No,Yes,Yes,No,No,No
95,Green Leaf Bistro,Cheap Eats,,1684 Douglas St,Canada,Victoria,BC,Excellent Vietnamese,No,Yes,Yes,No,No,No
206,Green Verde,,,"Av Rueda Medina 690, Salinas, Isla Mujeres",Mexico,Cancun,Quintana Roo,,No,No,No,No,No,No
116,Grill Husid,,http://www.grillhusid.is/,TRYGGVAGÖTU 20,Iceland,Reykjavik,,,No,No,No,No,No,No
460,Guilt and Co,,,,Canada,Vancouver,BC,Prohibition Style Cocktail Bar with live jazz,No,No,No,Yes,No,No
313,Gunpowder,,http://www.gunpowderlondon.com/,"11 White's Row, Spitalfields",England,London,,Homestyle Indian cooking,No,Yes,Yes,No,No,No
334,Gyubee Japanese Grill,,https://www.gyubeejapanesegrill.com/,335 Bloor Street W Toronto,Canada,Toronto,ON,All you can eat Japanese/Korean BBQ,No,Yes,Yes,No,No,No
319,Gyugyuya,,https://www.gyugyuya.com/,177 Dundas St W,Canada,Toronto,ON,Japanese curry,No,Yes,Yes,No,No,No
145,Habibi,,,Hafnarstraeti 18,Iceland,Reykjavik,Reykjavik,,No,No,No,No,No,No
31,Habit Coffee,,https://habitcoffee.com/,808 Yates St,Canada,Victoria,BC,Serious coffee. No wifi,No,No,No,No,Yes,Yes
213,Hacienda Sisal,,http://www.haciendasisal.com/es/menu-restaurante-en-cancun.php,"km 13.5, Blvd. Kukulcan, Zona Hotelera",Mexico,Cancun,Quintana Roo,,No,No,No,No,No,No
426,Hail Mary's,,,670 E Broadway,Canada,Vancouver,BC,Kitchy good and evil decor,No,No,No,Yes,No,No
101,Halibut House,,,,Canada,Victoria,BC,,No,No,No,No,No,No
1,Hanks,Greatest Hits,http://hanksarestaurant.com/,1001 Douglas St,Canada,Victoria,BC,Always fun and creative,No,No,Yes,Yes,No,No
126,Harvest Rd,,,,Canada,Sidney,BC,Casual food truck fare,No,Yes,No,No,No,No
120,Haust,,http://www.haustrestaurant.is/en/,Þórunnartún 1,Iceland,Reykjavik,,,No,No,No,No,No,No
498,Hawaiian Aroma Cafe,,,"upstairs in the Beachcomber, 2300 Kalakaua Ave",USA,Honolulu,Hawaii,Laid back,Yes,No,No,No,Yes,Yes
347,Heidel Peters,,,,Germany,Berlin,Brandenburg,,No,No,No,Yes,No,No
490,Helena's Hawaiian Food,,,1240 N School St,USA,Honolulu,Hawaii,Famous for its casual Hawaiian-Chinese classics,Yes,Yes,Yes,No,No,No
423,Heritage Asian Eatery,,,382 W Broadway,Canada,Vancouver,BC,,No,Yes,Yes,No,No,No
20,Hey Happy,Greatest Hits,http://www.heyhappycoffee.com/,#122 560 Johnson St,Canada,Victoria,BC,Excellent coffee and lovely people,No,No,No,No,Yes,Yes
545,Highway Inn,,https://www.myhighwayinn.com/,680 Ala Moana Blvd #105,USA,Honolulu,Hawaii,"Hawaiian style breakfast, lunch and dinner",Yes,Yes,Yes,No,No,No
390,Hisar Fresh food,,,Yorckstraße 49,Germany,Berlin,Brandenburg,Get the beef not the chicken,No,Yes,Yes,No,No,No
108,Hofnin,,http://www.hofnin.is/,GEIRSGATA 7C,Iceland,Reykjavik,,,No,No,No,No,No,No
553,Hokkaido Santouka Ramen Robson,,https://www.santouka-canada.com/,1690 Robson St,Canada,Vancouver,BC,,No,Yes,Yes,No,No,No
453,Hokkaido Santouka Ramen West Broadway,,https://www.santouka-canada.com/,558 W Broadway,Canada,Vancouver,BC,Get the toroniku ramen,No,Yes,Yes,No,No,No
427,Honey and Bacon Cafe,,https://www.honeyandbacon.com/,5016 Melrose Ave,USA,Los Angeles,California,Great coffee and a small breakfast menu,No,No,No,No,Yes,Yes
283,Hoppers,,https://www.hopperslondon.com/,49 Frith St,England,London,,Sri Lankan pancake bowls,No,Yes,Yes,No,No,No
480,Hotel La Piazetta,,,"Calle 50-A 493A, Parque de la Mejorada, Centro",Mexico,Merida,Yucatan,Cute cafe on the bottom floor,No,No,No,No,Yes,Yes
285,Hoxley  and Porter,,https://hoxleyandporter.com/,153 Upper St,England,London,,Old timey cocktail bar and modern european cuisine,No,No,Yes,Yes,No,No
143,Hradlestin,,https://www.hradlestin.is/,Hverfisgata 64a,Iceland,Reykjavik,Reykjavik,,No,No,No,No,No,No
121,Hverfisgata 12,,http://www.hverfisgata12.is/,Hverfisgata 12,Iceland,Reykjavik,,,No,No,No,No,No,No
387,Ibolya Espresso,,,Ferenciek tere 5.,Hungary,Budapest,,"Try Bambi, a historical Hungarian soda",No,No,No,Yes,No,No
295,ICHIBUNS SOHO,,http://ichibuns.com/,22 Wardour St,England,London,,"Burgers, sushi and udon",No,Yes,Yes,No,No,No
370,Iko Nito,,,"55 Broadwick St, Soho",England,London,,Japanese Korean fusion,No,Yes,Yes,No,No,No
298,Ikoyi,,https://ikoyilondon.com/,1 St James's Market,England,London,,West African molecular gastronomy. Lunch set (35) and dinner set (75),No,Yes,Yes,Yes,No,No
167,Il Covo,Dining out in Style,http://www.ilcovotrattoria.ca/menus/,106 Superior St,Canada,Victoria,BC,,No,No,No,No,No,No
166,Il Terazzo,Dining out in Style,https://www.ilterrazzo.com/,537 Johnson Street,Canada,Victoria,BC,,No,No,No,No,No,No
432,Ilobasqueño Restaurant,,,5027 Melrose Ave,USA,Los Angeles,California,Salvadoran FOod,No,Yes,Yes,No,No,No
363,Imren,,,Boppstr. 10,Germany,Berlin,Brandenburg,Delicious meat,No,Yes,Yes,No,No,No
100,Indecent Risotto,,,,Canada,Victoria,BC,,No,No,No,No,No,No
40,Irish Times,Craft Draught Beer,http://irishtimespub.ca,1200 Government Street,Canada,Victoria,BC,High street pub with a good Guiness and frequent Celtic music bands,No,Yes,Yes,Yes,No,No
377,Isarn,,,119 Upper Street,England,London,,Contemporary Thai,No,Yes,Yes,No,No,No
238,Island Poké,Seafood,https://www.facebook.com/IslandPokeCA/,1674 Douglas St,Canada,Victoria,BC,Sushi bowls and sushi burritos,No,Yes,Yes,No,No,No
499,Island Vintage Coffee,,,2301 Kalakaua Ave,USA,Honolulu,Hawaii,Coffee and breakfast bowls,Yes,No,No,No,Yes,Yes
22,Italian Deli,,http://www.italianfoodimports.ca/,1114 Blanshard St,Canada,Victoria,BC,The best deal for sandwiches in the city,No,Yes,No,No,No,No
10,Jam,Brunch for Days,http://www.jamcafevictoria.com,542 Herald St.,Canada,Victoria,BC,Epic southern-style brunch with big lines on the weekends,Yes,Yes,No,No,Yes,No
400,Jederman,,,"Ráday u. 58, 1092",Hungary,Budapest,,,No,Yes,Yes,No,No,No
236,Jin,,,,Canada,Calgary,AB,,No,No,No,No,No,No
374,Jinjuu,,,15 Kingly Street,England,London,,Korean fusion,No,Yes,Yes,No,No,No
174,Jinya Ramen Bar,,https://jinya-ramenbar.com/,1800 4 St SW #180,Canada,Calgary,AB,,No,No,No,No,No,No
307,Jolene,,http://jolenen16.com,"21 Newington Green, Mayville Estate",England,London,,Bakery and cafe,Yes,Yes,No,No,No,No
561,Jones Barbeque,Brunch for Days,https://jonesgotmeat.com/,1725 Cook St,Canada,Victoria,BC,"Smoked meats, brunch on weekends",Yes,Yes,Yes,No,No,No
110,Kaffivagninn,,http://kaffivagninn.is/menu/,Grandagardur 10,Iceland,Reykjavik,,,No,No,No,No,No,No
132,Kaldi Bar,,https://m.facebook.com/KaldiBarCafe,Laugavegur 20,,Reykjavik,,,No,No,No,No,No,No
503,KCC Farmer's Market,,,Kapiolani Community College – Parking Lot C 4303 Diamond Head Rd,USA,Honolulu,Hawaii,Saturdays 7:30am-11am,Yes,No,No,No,No,No
140,Kex Hostel,,http://www.kexhostel.is/,Skúlagata 28,Iceland,Reykjavik,Reykjavik,,No,No,No,No,No,No
512,Kid Sister,Sweet Snacks,http://www.kidsistericecream.com/,10 Fan Tan Alley,Canada,Victoria,BC,Scoops and bars in creative flavours and old favourites,No,No,No,No,No,No
282,Kiln,,http://www.kilnsoho.com/,58 Brewer St,England,London,,Modern thai,No,No,Yes,No,No,No
555,Kingyo Izakaya,,https://kingyo-izakaya.ca/,871 Denman St,Canada,Vancouver,BC,Japanese with more variety than most,No,Yes,Yes,No,No,No
203,Kiosco Verde,,https://www.facebook.com/kioscoverdemarisqueria/,"Kiosco Verde, Av. Lopez Portillo S.M. 85 Lotes 14 y 15. M.Z. 2 Frente a la Naval",Mexico,Cancun,Quintana Roo,,No,No,No,No,No,No
424,Kissa Tanto,,,263 East Pender,Canada,Vancouver,BC,Italian Japanese Fusion,No,No,Yes,No,No,No
102,Kissako Sushi,Seafood,,,Canada,Victoria,BC,,No,No,No,No,No,No
350,Klunkerkranich,,http://klunkerkranich.org/,"Karl-Marx-Straße 66, 12043 ",Germany,Berlin,Brandenburg,Funky rooftop bar with great views,No,Yes,Yes,Yes,No,No
556,Koko Head Cafe,,http://kokoheadcafe.com/brunch-all-day/,1145c 12th Ave,USA,Honolulu,Hawaii,All day breakfast and dumplings,Yes,Yes,No,No,No,No
497,Kona Coffee Purveyors,,," Kuhio Avenue Mall Entrance - International Marketplace, 2330 Kalakaua Ave #160",USA,Honolulu,Hawaii,Upscale,Yes,No,No,No,Yes,Yes
397,Konyha,,,"Madách Imre út 8, 1075",Hungary,Budapest,,Ed recommended,No,Yes,Yes,No,No,No
92,Koto Sushi,Seafood,http://kotosushivictoria.ca,510 Fort St.,Canada,Victoria,BC,,No,No,No,No,No,No
299,Koya Soho,,https://www.koya.co.uk/,50 Frith St,England,London,,Udon,Yes,Yes,Yes,No,No,No
399,Kozpoint,,,"Madách Imre út 5, 1075",Hungary,Budapest,,Casual food on the cafe side,Yes,Yes,No,No,Yes,Yes
144,Krua Thai Express,,http://kruathai.is,Skólavörðustígur 21,Iceland,Reykjavik,Reykjavik,,No,No,No,No,No,No
547,Kyung's Seafood,,https://www.facebook.com/kyungsseafood/,1269 S King St,USA,Honolulu,Hawaii,Casual seafood,Yes,Yes,Yes,No,No,No
182,La Bamba Jarocha,,,Avenida 30 Norte,Mexico,Playa del Carmen,Quintana Roo,,No,No,No,No,No,No
222,La Banquise,,https://www.tripsavvy.com/la-banquise-poutine-as-good-as-it-gets-2391950,"994, Rachel East, corner of Boyer",Canada,Montreal,,,No,No,No,No,No,No
197,La Casa del Agua,,http://www.lacasadelagua.com/,"con calle 2, Calle Quinta Avenida",Mexico,Playa del Carmen,Quintana Roo,,No,No,No,No,No,No
184,La Ceiba,,http://laceibaplaya.com/,30 Avenida entre Contituyentes y calle 20,Mexico,Playa del Carmen,Quintana Roo,,No,No,No,No,No,No
471,La Chaya Maya,,,"55 x 60 y 62 # 510, Centro",Mexico,Merida,Yucatan,A Merida institution. One of two locations but this one has a gorgeous open garden and great brunch,Yes,Yes,Yes,No,No,No
326,La Cubana,,http://www.lacubana.ca/,92 Ossington Ave,Canada,Toronto,ON,A great Cuban sandwich,No,Yes,Yes,No,No,No
178,La Cueva del Chango,,http://www.lacuevadelchango.com/,Av 38 Norte Mz. 4 Lote 3,Mexico,Playa del Carmen,Quintana Roo,,No,No,No,No,No,No
434,La Descaraga,,http://www.ladescargala.com/,1159 N Western Ave,USA,Los Angeles,California,30s Cuban style cocktail bar. Upscale attire required,No,No,No,Yes,No,No
193,La Finísima Caguameria de Esquina,,https://www.facebook.com/LaFinisimaCaguameria/,1 Avenida Norte Mz 63 Lt 1,Mexico,Playa del Carmen,Quintana Roo,,No,No,No,No,No,No
435,La Fonda Antioquena,,,5125 Melrose Ave,USA,Los Angeles,California,Casual columbian food,No,Yes,Yes,No,No,No
473,La Lupita,,,"Mercado de Santiago, Calle 57 (entre 70y 72) Interior, Centro",Mexico,Merida,Yucatan,Most famous place for roasted pork tacos in Merida. Worth exploring the market as well - nearby ice cream is delicious,Yes,Yes,Yes,No,No,Yes
429,La Monarca Bakery,,https://lamonarcabakery.com/,1096 N Western Ave,USA,Los Angeles,California,Cafe with a decent looking menu,Yes,Yes,No,No,Yes,Yes
469,La Negrita,,,"Calle 62x 49, 415, Centro",Mexico,Merida,Yucatan,"Gorgeous open garden, large drinks, authentic botanas. Can get busy",No,Yes,Yes,Yes,No,No
195,La Perla Pixan and Mezcal Shop,,https://facebook.com/Laperlapixan,Calle 34 Norte Entre 5ta Y 10,Mexico,Playa del Carmen,Quintana Roo,"Serves a unique Mexican spirit, Pulque",No,No,Yes,Yes,No,No
485,La Prospe del Xtup,,,"Calle 59 530, Parque Santiago, Centro",Mexico,Merida,Yucatan,,No,No,Yes,No,No,No
29,La Taqueria,"Cheap Eats, Taco Party",http://www.lataqueria.com/,766 Fort St,Canada,Victoria,BC,Traditional Mexican street food tacos,No,Yes,Yes,No,No,No
28,La Taquisa,Taco Party,http://www.lataquisa.com/,1017 Blanshard St,Canada,Victoria,BC,Baja style tacos and burritos,No,Yes,Yes,No,No,No
246,La Tortilla Mexicana,Taco Party,http://latortilla.ca/,1205 Quadra St,Canada,Victoria,BC,Zijuatenejo style cuisine,Yes,Yes,Yes,No,No,No
465,Lamplight Lounge,,https://disneyland.disney.go.com/en-ca/dining/disney-california-adventure/lamplight-lounge/menus/lounge/,"Pixar Pier, 1313 Disneyland Dr",USA,Disneyland,California,Great looking cocktail menu,Yes,Yes,Yes,Yes,No,No
196,Las Helodias,,http://lashelodias.com/,28 Norte Mza 79 Lt 6 Loc. 1A,Mexico,Playa del Carmen,Quintana Roo,,No,No,No,No,No,No
183,Las Hijas de la Tostada,,https://www.facebook.com/Las-Hijas-De-La-Tostada-5ta-Avenida-1000232613352186/,Calle Quinta Avenida,Mexico,Playa del Carmen,Quintana Roo,,No,No,No,No,No,No
220,LDV Pizza Bar,,http://ldvpizzabar.com/,916 1st Ave NE,Canada,Calgary,AB,,No,No,No,No,No,No
244,Lees Chicken,,http://www.leeschicken.ca/,"166 Trunk Rd, Duncan",Canada,Cowichan,BC,,No,No,No,No,No,No
501,Leonard's Bakery,,,933 KAPAHULU AVE,USA,Honolulu,Hawaii,Masaladas - portugese donuts,No,No,No,No,No,No
373,Life Goodness,,,"First Floor, Kingly Court",England,London,,Locally sourced Greek,No,Yes,Yes,No,No,No
360,Lisboa Bar am Boxi,,,Krossener Strasse 20,Germany,Berlin,Brandenburg,Portuguese style tapas,No,No,Yes,Yes,No,No
249,Little June,,,1301 Gladstone Ave,Canada,Victoria,BC,A cute little cafe with awesome food options,Yes,Yes,Yes,Yes,Yes,Yes
382,Little Viet Kitchen,,,2 Chapel Market The Angel,England,London,,Modern Vietnamese,No,No,Yes,No,No,No
530,Local,,https://localpubliceatery.com/neighbourhoods/gastown/menu/,3 ALEXANDER ST,Canada,Vancouver,BC,Casual food with a tex mex flair,No,Yes,Yes,Yes,No,No
327,Loga's Corner,,,216 Close Ave,Canada,Toronto,ON,Great dumplings at a great price,No,Yes,Yes,No,No,No
208,Lolo Lorena,,https://www.facebook.com/lololorena62/,"Av Rueda Medina 690, Salinas, 77400 Isla Mujeres",Mexico,Cancun,Quintana Roo,,No,No,No,No,No,No
410,Long's Noodle House,,,4853 Main St,Canada,Vancouver,BC,Scout Mag says to try the Tan Tan noodles with green onion pancake,No,Yes,Yes,No,No,No
488,LoQueHay Cafe,,,"Calle 55 533 X 64 y 66, Centro",Mexico,Merida,Yucatan,,Yes,Yes,Yes,No,No,No
180,Los Aguachiles,,http://www.losaguachiles.mx/,Calle 34,Mexico,Playa del Carmen,Quintana Roo,,No,No,No,No,No,No
215,Los Arcos,,,"Calle Rosas 1, 22",Mexico,Cancun,Quintana Roo,,No,No,No,No,No,No
482,Los Platos Rotos De Frida,,,"Calle 61 526A, Parque Santiago, Centro",Mexico,Merida,Yucatan,"Great decor, delicious home-cooked food",No,Yes,Yes,No,No,No
253,Lotus Pond,Vegetarian,https://lotuspondvictoria.ca/,617 Johnson St,Canada,Victoria,BC,Vegetarian chinese,No,Yes,Yes,No,No,No
415,Lucy's Eastside Diner,,,2708 Main Street,Canada,Vancouver,BC,"Casual, reasonably priced diner open 24/7",Yes,Yes,Yes,No,Yes,Yes
232,Luke's Drug Mart,,http://lukesdrugmart.com/bridgeland-location/,112 4 St NE,Canada,Calgary,AB,The best coffee in the hood. Also delicious ice cream.,No,No,No,No,Yes,Yes
392,Lumen,,,"Horánszky u. 5, 1085",Hungary,Budapest,,One of two locations,No,No,No,No,Yes,Yes
349,Lust,,,,Germany,Berlin,Brandenburg,Brazilian cachaca,No,No,No,Yes,No,No
306,Lyles,,https://www.lyleslondon.com/,"Tea Bldg, 56 Shoreditch High St, Hackney",England,London,,British fare. Set dinner (60),No,Yes,Yes,No,No,No
495,Maguro Brothers,,,415 Nāhua St,USA,Honolulu,Hawaii,Sashimi,No,Yes,Yes,No,No,No
333,Maha's,,https://www.mahasbrunch.com/,226 Greenwood Avenue,Canada,Toronto,ON,Egyptian brunch fare,Yes,Yes,No,No,No,No
525,Mahony's Convention Centre,,https://www.mahonystavern.com/menu,1055 Canada Pl #36,Canada,Vancouver,BC,Upscale pub food,No,Yes,Yes,No,No,No
524,Mahony's False Creek,,https://www.mahonystavern.com/menu,601 Stamps Landing,Canada,Vancouver,BC,Upscale pub food,No,Yes,Yes,Yes,No,No
486,"Maiz, Canela y Cilantro",,,"Calle 70 464, Barrio de Santiago, Centro",Mexico,Merida,Yucatan,,Yes,Yes,No,No,No,No
315,Maizal,,,133 Jefferson Ave,Canada,Toronto,ON,Well rated Mexican fare,No,No,Yes,No,No,No
413,Maizal,,,2815 Main Street,Canada,Vancouver,BC,Authentic tacos,No,Yes,Yes,No,No,No
270,Maltby Market,,http://www.40maltbystreet.com/,40 Maltby St,England,London,,New entrant to the London market scene,No,Yes,No,No,No,No
484,Manifesto Casa Tostadora Calabrese,,,"Calle 59 538, Parque Santiago, Centro",Mexico,Merida,Yucatan,,Yes,Yes,Yes,No,Yes,Yes
537,Marche St George,,http://www.marchestgeorge.com/menu,4393 St George St,Canada,Vancouver,BC,Cafe and general store with lunch and breakfast options,Yes,Yes,No,No,Yes,Yes
309,Markethalle Neun,,https://markthalleneun.de/veranstaltungen/,"Eisenbahnstraße 42/43, 10997",Germany,Berlin,Brandenburg,,No,No,No,No,No,No
303,Marksman Public House,,https://www.marksmanpublichouse.com/,254 Hackney Rd,England,London,,Vintage modern pub food,No,Yes,Yes,No,No,No
500,Marukame Udon,,,2310 Kūhiō Ave,USA,Honolulu,Hawaii,Cheap and delicious freshly made udon,No,Yes,Yes,No,No,No
156,Matur og Drykkur,,http://maturogdrykkur.is/is/,Grandagarður 2,Iceland,Reykjavik,Reykjavik,,No,No,No,No,No,No
93,Menbow Ramen,,,1018 Blanshard St,Canada,Victoria,BC,The closest thing downtown Victoria has to great Ramen,No,Yes,Yes,No,No,No
235,Menyatai Japanese Noodles,,https://www.facebook.com/Menyatai-Japanese-Noodle-House-652806014755534/,24 12 St NW,Canada,Calgary,AB,,No,No,No,No,No,No
475,Mercado 60,,,"Calle 60 461, Parque Santa Lucia, Centro",Mexico,Merida,Yucatan,"A food cart collective, slightly higher prices than some locations",No,No,Yes,No,No,No
247,Mesa Familiar,Taco Party,https://www.facebook.com/mesafamiliar/photos/tonight's-menu-/355303831521616/,1296 Gladstone Ave,Canada,Victoria,BC,Authentic Mexican,No,No,Yes,No,No,No
391,Mesterbike,,,"Mester u. 11, 1095 ",Hungary,Budapest,,Ed's favourite coffee,No,No,No,No,Yes,Yes
278,Meza London,,https://www.mezarestaurant.com/,34 Trinity Rd,England,London,,Lebanese meza,No,Yes,Yes,No,No,No
199,Mi Pueblo Cocina Mexicana,,,Calle Quinta Avenida,Mexico,Playa del Carmen,Quintana Roo,,No,No,No,No,No,No
352,Michelberger Hotel Cafe and Bar,,https://www.michelbergerhotel.com/en/cafe-and-bar,"Warschauer Str. 39–40, 10243",Germany,Berlin,Brandenburg,Artsy cafe spot good for a casual drink,No,No,No,Yes,Yes,Yes
338,Mildred’s Temple Kitchen,,https://mildreds.ca/,85 Hanna Avenue Suite 104,Canada,Toronto,ON,Highly recommended classy brunch,Yes,Yes,No,No,No,No
359,Milja and Schäfa,,,Sonntagstrasse 1,Germany,Berlin,Brandenburg,"Scandanavian vibes, sharing plates and house-made treats",Yes,Yes,Yes,Yes,No,No
551,Milltown Pub and Grill,,https://milltownbar.com/,101-9191 Bentley Street,Canada,Vancouver,BC,"Great patio, brunch on weekends",Yes,Yes,Yes,Yes,No,No
45,Mom's Cafe,,," 2036 Shields Rd, Sooke",Canada,Sooke,BC,,No,No,No,No,No,No
75,Morals Village Hotpot,,,"1200, 4540 No 3 Rd",Canada,Richmond,BC,,No,No,No,No,No,No
513,Mosi Gelato,Sweet Snacks,https://www.mosigelato.com/,569 Johnson St #101,Canada,Victoria,BC,Gelato with lots of local fruits and flavours,No,No,No,No,No,No
558,Mosi's Bakery,"Brunch for Days, Sweet Snacks",https://www.mosibakery.com/,5303 W Saanich Rd,Canada,Victoria,BC,Great breakfast and pasteries,Yes,Yes,No,No,No,No
371,Mother Mash,,,26 Ganton Street,England,London,,Customizable pies + mash,No,Yes,Yes,No,No,No
237,Muku,,https://www.mukujapaneseramen.ca/,326 14 St NW,Canada,Calgary,AB,,No,No,No,No,No,No
381,Mulata,,,,England,London,,Grilled cheese arepa,No,Yes,Yes,No,No,No
279,Murger Han,,http://www.murgerhan.com/,62 Eversholt St,England,London,,Xi'an chinese,No,Yes,Yes,No,No,No
362,Mustafa's Gemuese Kebab,,,"Mehringdamm 32, 10961",Germany,Berlin,Brandenburg,Highly recommended kebab,No,Yes,Yes,No,No,No
406,Musti Doner,,," Voigtstraße 43, 10247",Germany,Berlin,Brandenburg,Susan recommendation,No,Yes,Yes,No,No,No
496,Musubi Cafe,,,"Pacific Monarch Hotel, 2427 Kūhiō Ave. #1F",USA,Honolulu,Hawaii,Spam Musubi bento boxes,Yes,Yes,Yes,No,No,No
394,My Little Melbourne,,,"Madách Imre út 3, 1075",Hungary,Budapest,,,No,No,No,No,Yes,Yes
8,Nautical Nellies,Seafood,http://nauticalnelliesrestaurant.com/,1001 Wharf St,Canada,Victoria,BC,A bit kitschy but probably what you were expecting to get for seafood in Victoria,No,Yes,Yes,Yes,No,No
146,Nonnabiti,,,Hafnarstræti 9,Iceland,Reykjavik,Reykjavik,,No,No,No,No,No,No
141,Noodle Station,,http://noodlestation.is/,Laugavegur 103,Iceland,Reykjavik,Reykjavik,,No,No,No,No,No,No
97,Nourish,"Brunch for Days, Local Specialities, Vegetarian",http://www.nourishkitchen.ca/,225 Quebec St,Canada,Victoria,BC,Lots of gluten free and vegan options in a funky decor,No,Yes,Yes,No,Yes,Yes
256,Nowhere,"Greatest Hits, Local Specialities",http://nowherearestaurant.com/,"#g4 1001, Douglas St",Canada,Victoria,BC,Locally-sourced creative dishes you won't find anywhere else in town,No,No,Yes,Yes,No,No
420,Nuba,,,146 East 3rd Avenue,Canada,Vancouver,BC,Really well reviewed lebanese food,No,Yes,Yes,No,No,No
191,Nuestra Senora De Carmen Mercado De Playa,,,10 Avenida Norte,Mexico,Playa del Carmen,Quintana Roo,,No,No,No,No,No,No
445,Oga's Cantina,,https://allears.net/dlr/dining/menu/ogas-cantina-dl/lounge/,Star Wars Land,USA,Disneyland,California,Themed cocktails,No,No,No,Yes,No,No
280,OKAN Brixton Village,,http://www.okanbrixtonvillage.com/,"Unit 39, OKAN Brixton Village, Brixton Village",England,London,,Osaka-style Japanese,No,Yes,Yes,No,No,No
383,Oldroyd,,,"344 Upper St, The Angel",England,London,,Hole in the wall with locally sourced dishes and good cocktails,No,Yes,Yes,Yes,No,No
316,ONO Poke Bar,,https://onopokebar.com/,100 Western Battery Rd #2,Canada,Toronto,ON,,No,Yes,Yes,No,No,No
489,Ono Seafood,,,"747 Kapahulu Ave., Apt 4",USA,Honolulu,Hawaii,Cheap and plentiful poke,No,Yes,No,No,No,No
138,Ostabudin,,http://ostabudin.is/,Skolavordustigur,,Reykjavik,Reykjavik,,No,No,No,No,No,No
520,Ottavio,,https://ottaviovictoria.com/,2272 Oak Bay Ave,Canada,Victoria,BC,"Italian deli with cheeses, meats and to-go items",No,Yes,No,No,No,No
169,Pagliacci's,Greatest Hits,http://www.pagliaccis.ca,1011 Broad St,Canada,Victoria,BC,,No,No,No,No,No,No
566,Parachute Ice Cream,Sweet Snacks,https://www.parachuteicecream.com/,105-2626 Bridge St,Canada,Victoria,BC,Delicious ice cream,No,No,No,No,No,Yes
449,Paradise Garden Grill,,https://allears.net/dlr/dining/menu/paradise-garden-grill/lunch-dinner/,Pixar Pier,USA,Disneyland,California,Tex Mex Food,No,Yes,Yes,No,No,No
411,Parallel 49 coffee and Lucky's Donuts,,,2902 Main St,Canada,Vancouver,BC,,No,No,No,No,Yes,Yes
85,Parklane Chinese,,,7997 Westminster Hwy,Canada,Richmond,BC,,No,No,No,No,No,No
217,Parque de las Palapas,,,"10 Margaritas, 22",Mexico,Cancun,Quintana Roo,,No,No,No,No,No,No
562,Part and Parcel,Greatest Hits,http://www.partandparcel.ca/,2656 Quadra St,Canada,Victoria,BC,"It sounds weird, but you HAVE to have the broccoli sandwich!",No,Yes,Yes,No,No,No
369,Pastio,,,"19 Ganton St, Soho",England,London,,Small plate pasta,No,Yes,Yes,Yes,No,No
321,Patois,,http://www.patoistoronto.com/eat,794 Dundas St W,Canada,Toronto,ON,Creative Jamaican,No,No,Yes,No,No,No
358,Pavillon im Volkspark,,http://www.pavillon-berlin.de/,Friedenstrasse 101,Germany,Berlin,Brandenburg,Beer garden in the middle of a park,Yes,Yes,No,Yes,No,No
452,Peaceful Noodle,,http://www.peacefulrestaurant.com/,532 W Broadway #110,Canada,Vancouver,BC,Beef roll and dandan,No,Yes,Yes,No,No,No
83,Pepper Lunch,,,5951 No 3 Rd #150,Canada,Richmond,BC,,No,No,No,No,No,No
94,Pho Nay,,http://phonay.com,1012 Blanshard St,Canada,Victoria,BC,,No,No,No,No,No,No
7,Pho Vy,,,772 Fort St,Canada,Victoria,BC,Great pho,No,Yes,Yes,No,No,No
493,Pig and Lady,,,83 N. King St,USA,Honolulu,Hawaii,Modern Vietnamese,No,Yes,Yes,No,No,No
286,Ping Pong Bow Bells House,,https://www.pingpongdimsum.com/,"Bow Bells House, 1 Bread St",England,London,,Dim sum,No,Yes,Yes,No,No,No
50,Pink Bicycle,Burgerz & Friez,http://www.pinkbicycleburger.com,1008 Blanshard St.,Canada,Victoria,BC,Burgers and fry options galore,No,Yes,Yes,No,No,No
504,Pink's hot dogs,,,709 N La Brea Ave,USA,Los Angeles,California,Casual fun hot dog options,No,Yes,Yes,No,No,No
560,Pizzeria Prima Strada Cook St,Greatest Hits,https://pizzeriaprimastrada.com/,230 Cook St,Canada,Victoria,BC,Neopolitan-style wood-fired pizza,No,Yes,Yes,No,No,No
483,Placer and Delirio,,,"Calle 59 572, Parque Santiago, Centro",Mexico,Merida,Yucatan,,Yes,No,No,No,Yes,Yes
440,Plaza Inn,,https://disneyland.disney.go.com/dining/disneyland/plaza-inn/,"Main Street, U.S.A.",USA,Disneyland,California,Character Dining,Yes,Yes,Yes,No,No,No
380,Pleasant Lady,,,"23 Greek St, Soho",England,London,,Chinese “burritos”,No,Yes,Yes,No,No,No
474,Pola Gelato,,,Pola Gelato Shop,Mexico,Merida,Yucatan,Delicious fun flavours of gelato. Perfect to beat the heat,No,No,No,No,No,No
340,Pomegranate,,http://www.pomegranaterestaurant.ca/pomegranate/menu.html,418 College St,Canada,Toronto,ON,Persian,No,No,Yes,No,No,No
398,Pontoon,,,"Antall József rkp. 1, 1052 ",Hungary,Budapest,,"Nice view, good food",No,Yes,Yes,No,No,No
341,Popeyes,,http://popeyeschicken.ca/,267 College St,Canada,Toronto,ON,Louisiana style fried chicken,No,Yes,Yes,No,No,No
323,Pow Wow Cafe,,,213 Augusta Ave,Canada,Toronto,ON,Ojibway tacos. Cash only.,No,Yes,Yes,No,No,No
366,Prater Beer Garden,,,"Kastanienallee 7-9, 10435",Germany,Berlin,Brandenburg,Outdoor spot for imbibing,No,No,No,Yes,No,No
378,Prawn on the Lawn,,,292-294 St Paul's Road,England,London,,Midrange seafood,No,Yes,Yes,No,No,No
260,Proof,,,,Canada,Calgary,AB,,No,No,No,No,No,No
540,Provence Marinaside,,https://www.provencemarinaside.ca/,1177 Marinaside Crescent,Canada,Vancouver,BC,High end dining with an excellent wine list and local seafood,Yes,Yes,Yes,Yes,No,No
218,Puerto Madero,,http://www.puertomaderorestaurantes.com/#inicio,"Km. 14.1, Boulevard Kukulcan",Mexico,Cancun,Quintana Roo,,No,No,No,No,No,No
133,Q at the Empress,Belly up to the Bar,,,Canada,Victoria,BC,,No,No,No,No,No,No
79,R & H Chinese Food,,,5300 No 3 Rd,Canada,Richmond,BC,,No,No,No,No,No,No
534,R and B Brewing,,https://www.randbbrewing.com/ale-pizza-house,54 E 4th Ave,Canada,Vancouver,BC,Pizza and sandwiches,No,Yes,Yes,Yes,No,No
491,Rainbow Drive In,,,3308 Kanaina Avenue,USA,Honolulu,Hawaii,Famous Plate Lunch,No,Yes,No,No,No,No
339,Ramen Isshin,,https://www.ramenisshin.com/,421 College St,Canada,Toronto,ON,,No,Yes,Yes,No,No,No
53,Rebar,"Brunch for Days, Vegetarian",http://rebarmodernfood.com,50 Bastion Square,Canada,Victoria,BC,Brunch and lunch-focused with an international flavour,Yes,Yes,Yes,No,No,No
4,Red Fish Blue Fish,"Cheap Eats, Greatest Hits, Taco Party, Vegetarian",http://www.redfish-bluefish.com,1006 Wharft St,Canada,Victoria,BC,Victoria's iconic container tacones restaurant. Line up early! Only open seasonally,No,Yes,Yes,No,No,No
72,Red Lantern,,,8181 Cambie Rd,Canada,Richmond,BC,,No,No,No,No,No,No
523,Red Truck Brewery,,https://redtruckbeer.com/vancouver-truck-stop-menu-1/,295 East 1st Ave,Canada,Vancouver,BC,Pub style food and all-day breakfast,No,Yes,Yes,Yes,No,No
502,Restaurant XO,,,3434 Waialae Ave,USA,Honolulu,Hawaii,Try the foi gras fried rice,No,No,Yes,Yes,No,No
148,Reykjavik Fish,,http://reykjavikfish.is/,Geirsgata 4a,Iceland,Reykjavik,BC,,No,No,No,No,No,No
161,Reykjavik Roasters,,,"Kárastígur 1, 101 Reykjavík, Iceland",Iceland,Reykjavik,Reykjavik,,No,No,No,No,No,No
448,Rita's Baja Blenders,,https://allears.net/dlr/dining/menu/ritas-baja-blenders/all-day/,Pacific Wharf,USA,Disneyland,California,Margaritas,No,No,No,Yes,No,No
441,River Belle Terrace,,https://allears.net/dlr/dining/menu/river-belle-terrace/lunch-dinner/,Frontierland,USA,Disneyland,California,Southern-style food including Monkeybread,No,Yes,Yes,No,No,No
227,Roma’s Pizzeria,,http://www.romaspizzeria.net/,931 General Ave NE,Canada,Calgary,AB,,No,Yes,Yes,No,No,No
214,Rooster,,,"Miguel Hidalgo 16, Centro - Supmza. 001",Mexico,Cancun,Quintana Roo,,No,No,No,No,No,No
436,Roscoe's Chicken and Waffles,,https://www.roscoeschickenandwaffles.com/our-menu,1514 N Gower St,USA,Los Angeles,California,Classic soul food chain,Yes,Yes,Yes,No,No,No
385,Rosenstein,,http://www.rosenstein.hu/,"Mosonyi u. 3, 1087",Hungary,Budapest,,Universally recommended traditional Hungarian,No,Yes,Yes,Yes,No,No
210,Rosticeria La Mexicana,,,"Miguel Hidalgo 8A, Centro - Supmza. 001, Isla Mujeres",Mexico,Cancun,Quintana Roo,Delicious roasted chicken,No,Yes,Yes,No,No,No
302,Roti King,,http://rotiking.info/,"40 Doric Way, Euston",England,London,,Malaysian wraps,No,Yes,Yes,No,No,No
451,Royal Street Veranda,,,,USA,Disneyland,California,Clam chowder in a bread bowl,No,Yes,Yes,No,No,No
124,Rumrunner,,,,Canada,Sidney,BC,,No,No,No,No,No,No
364,Ruya,,,"Hauptstraße 133, 10827",Germany,Berlin,Brandenburg,Great chicken kebab,No,Yes,Yes,No,No,No
345,Ryu Noodle,,http://ryusnoodlebar.com/,786 Broadview Ave,Canada,Toronto,ON,,No,Yes,Yes,No,No,No
419,Sal y Limon,,,701 Kingsway Street,Canada,Vancouver,BC,$3 tacos,No,Yes,Yes,No,No,No
202,Saltamonte Cocina de Mercado,,https://www.facebook.com/Saltamonte.CDM/,"Independencia 59, Mercado Donceles, 64",Mexico,Cancun,Quintana Roo,,No,No,No,No,No,No
268,Sambal Shiok Laksa Bar,,https://www.sambalshiok.co.uk/,171 Holloway Rd,England,London,,Malaysian noodle soup,No,No,Yes,No,No,No
86,Samsoonie Noodle & Rice,,,8211 Westminster Hwy,Canada,Richmond,BC,,No,No,No,No,No,No
139,Sandholt,,https://www.sandholt.is/en/voruflokkur/sandholt-food-and-drinks/,Laugavegur 36,Iceland,Reykjavik,Reykjavik,,No,No,No,No,No,No
159,Sandholt Bakery,,https://www.sandholt.is/,Laugavegur 36,Iceland,Reykjavik,Reykjavik,,No,No,No,No,No,No
322,Sansotei Ramen,,https://www.sansotei.com/,179 Dundas St W,Canada,Toronto,ON,,No,Yes,Yes,No,No,No
291,Saponara,,https://saponarapizzeria.co.uk/,23 Prebend St,England,London,,Great value Italian,No,No,Yes,No,No,No
403,Satan’s Whiskers,,,Satan's Whiskers 343 Cambridge Heath Rd,England,London,,East London classic cocktails,No,No,No,Yes,No,No
112,Satt,,http://www.sattrestaurant.com/,Nautholsvegur 52,Iceland,Reykjavik,,,No,No,No,No,No,No
375,Sawyer and Gray,,https://www.sawyerandgray.co.uk/,290 ST PAULS RD,England,London,,Espresso bar,Yes,No,No,No,Yes,Yes
318,School,,http://www.schooltoronto.com/menus/,70 Fraser Ave,Canada,Toronto,ON,Classy food on the verge of healthy,No,Yes,Yes,No,No,No
368,Schreider’s,,,"Schreinerstraße 53, 10247",Germany,Berlin,Brandenburg,Coffee right below Mary’s flat,No,No,No,No,Yes,Yes
221,Schwarma Ave,,http://www.shawarmave.com/,201 4st NE,Canada,Calgary,AB,Really good schwarma,No,Yes,Yes,No,No,No
223,Schwartz's Deli,,http://www.schwartzsdeli.com/,3895 St. Laurent,Canada,Montreal,,,No,No,No,No,No,No
115,Sea Baron,,http://www.saegreifinn.is/en/,Geirsgata 8,Iceland,Reykjavik,,,No,No,No,No,No,No
127,Sea Cider,,,,Canada,Sidney,BC,A cidery with amazing views of the water,No,No,No,Yes,No,No
34,Sen Zushi,"Greatest Hits, Seafood",http://www.senzushi.com/,940 Fort St,Canada,Victoria,BC,Great Japanese,No,Yes,Yes,No,No,No
324,Seven Lives,,http://sevenlives.restaurantsnapshot.com/,69 Kensington Ave,Canada,Toronto,ON,Cheap and cheerful tacos,No,Yes,Yes,No,No,No
414,Shameful Tiki,,,4362 Main st,Canada,Vancouver,BC,,No,No,No,Yes,No,No
76,Shanghai Station,,,4540 No 3 Rd,Canada,Richmond,BC,,No,No,No,No,No,No
77,Shiang Garden Seafood,,,4540 No 3 Rd,Canada,Richmond,BC,,No,No,No,No,No,No
70,Shibuyatei Sushi & Larmen,,,125-2971 Sexsmith Road,Canada,Richmond,BC,,No,No,No,No,No,No
226,Shiki Menya,,http://shikimenya.ca/,827 1 Ave NE,Canada,Calgary,AB,Yummy ramen. Gets very busy.,No,Yes,Yes,No,No,No
234,Shikiji,,http://www.shikiji.ca/,1610 Centre St N,Canada,Calgary,AB,,No,No,No,No,No,No
12,Shine Cafe on Blanshard,Brunch for Days,http://www.shinecafe.ca/,1320 Blanshard St,Canada,Victoria,BC,Amazing eggs benny,Yes,Yes,No,No,No,No
43,Shirley Delicious,,,"2794 Sheringham Point Rd, Shirley",Canada,Sooke,BC,A west-coast casual cafe,Yes,Yes,No,No,Yes,Yes
293,Shuang Shuang,,http://www.shuangshuang.co.uk/,"1st floor of, 64 Shaftesbury Ave",England,London,,Hot pot,No,Yes,Yes,No,No,No
91,Siam Thai,,http://www.siam-thai-victoria.com/,512 Fort St,Canada,Victoria,BC,Old school Thai restaurant,No,Yes,Yes,No,No,No
243,Sidewalk Citizen,,,618 Confluence Way SE,Canada,Calgary,AB,Casual lunch counter with a variety of options,No,Yes,No,No,No,No
89,Silkway Halal,,,8188 Saba Rd #110,Canada,Richmond,BC,,No,No,No,No,No,No
353,Silo Coffee,,http://www.facebook.com/silocoffee,Gabriel-Max-Strasse 4,Germany,Berlin,Brandenburg,Australian coffee culture,Yes,Yes,No,No,Yes,Yes
240,Simmons Building,,,,Canada,Calgary,AB,,No,No,No,No,No,No
122,Sjavargrillid,,https://www.sjavargrillid.is/,Skólavörðustígur 14,Iceland,Reykjavik,,,No,No,No,No,No,No
52,Smiths,Craft Draught Beer,http://www.smithspub.com/,777 Courtney St,Canada,Victoria,BC,Almost a dive bar,No,Yes,Yes,No,No,No
447,Smokejumpers Grill,,https://allears.net/dlr/dining/menu/smokejumpers-grill/lunch-dinner/,Grizzly Peak,USA,Disneyland,California,"Burgers, chili and mac 'n cheese",No,Yes,Yes,No,No,No
336,Smoque N’ Bones,,http://smoquenbones.com/smoque/,869 Queen Street W,Canada,Toronto,ON,Southern-style Barbeque,No,Yes,Yes,No,No,No
114,Smurstodin,,http://www.smurstodin.is/,"AUSTURBAKKA 2, in the Harpa",Iceland,Reykjavik,,,No,No,No,No,No,No
457,Sneeki Tiki,,https://sneekitiki.com/,1100 Granville St,Canada,Vancouver,BC,Reservations recommended,No,No,Yes,Yes,No,No
450,Sonoma Terrace,,https://allears.net/dlr/dining/menu/sonoma-terrace/all-day/,Pacific Wharf,USA,Disneyland,California,Grilled vegetable sandwiches,No,Yes,Yes,No,No,No
68,Sooke Harbour House,,http://sookeharbourhouse.com/,1528 Whiffen Spit Road,Canada,Sooke,BC,,No,No,No,No,No,No
357,Spätzle and Knödel,,,Wühlischstrasse 20,Germany,Berlin,Brandenburg,Southern german comfort food,No,No,Yes,No,No,No
224,Spicy Hut,,http://www3.telus.net/spicyhut/products.htm,203 4 St NE,Canada,Calgary,AB,,No,No,No,No,No,No
57,Spinnakers Brewpub,"Craft Draught Beer, Local Specialities",http://www.spinnakers.com/,308 Catherine Street,Canada,Victoria,BC,Victoria's oldest surviving brewpub,No,Yes,Yes,Yes,No,No
346,St Lawrence Market,,http://www.stlawrencemarket.com/,93 Front St E,Canada,Toronto,ON,Food market with trendy food,No,Yes,Yes,No,No,No
509,Stage,Belly up to the Bar,,1307 Gladstone Ave,Canada,Victoria,BC,"Excellent wine selection, small plates, incredible meals",No,No,Yes,Yes,No,No
389,Steamhouse Cafe,,,Batthyány tér 5 1st floor,Hungary,Budapest,,All day breakfast with great coffee in the Market Hall,Yes,No,No,No,Yes,Yes
44,Stick in the Mud Coffee,,http://stickinthemud.ca/,6715 Eustace Rd,Canada,Sooke,BC,Coffee roasted right in Sooke by passionate people,No,No,No,No,Yes,Yes
153,Sufistiin,,,Laugavegi 18,Iceland,Reykjavik,Reykjavik,,No,No,No,No,No,No
81,Suhang Restaurant,,,8291 Ackroyd Rd #100,Canada,Richmond,BC,,No,No,No,No,No,No
479,Sukra,,,"Paseo de Montejo 496, Zona Paseo Montejo, Centro",Mexico,Merida,Yucatan,,Yes,No,No,No,Yes,Yes
129,Sult Pierogie Bar,Cheap Eats,,609 Yates St,Canada,Victoria,BC,Creative perogies and a solid beer menu,No,Yes,Yes,Yes,No,No
552,Sushi Sho,,https://www.ritzcarlton.com/en/hotels/hawaii/waikiki/dining/sushi-sho,383 Kalaimoku St,USA,Honolulu,Hawaii,Fancy pants sushi in the Ritz,No,No,Yes,No,No,No
559,Symphony Vineyard,Patio Life,https://symphonyvineyard.com/,6409 Oldfield Rd,Canada,Victoria,BC,Epic garden for wine tastings,No,No,No,Yes,No,No
128,Symphony Winery,,,,Canada,Sidney,BC,Grab a picnic basket and a glass of wine on their grass overlooking the vineyard,No,Yes,No,Yes,No,No
73,Szechuan House,,,8080 Cambie Rd,Canada,Richmond,BC,,No,No,No,No,No,No
365,Szimpla Kaffeehaus Budapest,,https://szimpla.hu/etel-ital/itallapok,"Gärtnerstraße 15, 1024",Germany,Berlin,Brandenburg,,Yes,Yes,Yes,Yes,Yes,Yes
408,Szimplza kert,,," Kazinczy u. 14, 1075",Hungary,Budapest,,The most famous ruin pub,No,No,No,Yes,No,No
2,Tacofino,"Cheap Eats, Greatest Hits, Seafood, Taco Party, Vegetarian",https://www.tacofino.com/,760 Pandora Ave,Canada,Victoria,BC,Westcoast-Mexican fusion,No,Yes,Yes,No,No,No
259,Tamarind,,,,Canada,Calgary,AB,,No,No,No,No,No,No
379,Tanakatsu,,,10 Wakley St,England,London,,Japanese,No,Yes,Yes,No,No,No
529,Tap and Barrel,,https://tapandbarrel.com/menu/,75 Athletes Way,Canada,Vancouver,BC,"Weekend brunch, casual dining",Yes,Yes,Yes,No,No,No
181,Taqueria Arandas,,https://www.facebook.com/pages/Taqueria-Arandas-Jalisco-Suc-Playa-Del-Carmen/275128962547843,10 Avenida Nte.,Mexico,Playa del Carmen,Quintana Roo,,No,No,No,No,No,No
384,Tenshi,,https://www.tenshilondon.com/,61 Upper Street,England,London,,Okonomiyaki,No,Yes,Yes,No,No,No
386,Tenyleg,,,Lónyay utca 39,Hungary,Budapest,,3rd wave coffee bar,No,No,No,No,Yes,Yes
204,Thai Lounge,,,"La Isla, Boulevard Kukulkan Km12.5",Mexico,Cancun,Quintana Roo,,No,No,No,No,No,No
304,THATTUKADA,,http://thattukadauk.com/,229 High St N,England,London,,Great value south Indian,No,Yes,Yes,No,No,No
458,The Acorn Restaurant,,https://www.theacornrestaurant.ca/,3995 Main St,Canada,Vancouver,BC,Well rated vegetarian,No,No,Yes,No,Yes,Yes
281,The Blind Pig in the Social Eating House,,http://www.socialeatinghouse.com/,58 Poland St,England,London,,Cocktail menu inspired by children's literature,No,No,No,Yes,No,No
305,The Booking Office,,https://www.the-booking-office.com/our-menus,"St. Pancras Renaissance Hotel, Euston Rd, Kings Cross",England,London,,Bar in a former ticket office in St Pancras station,No,No,No,Yes,No,No
17,The Churchill,Craft Draught Beer,https://thechurchill.ca/,1140 Government St,Canada,Victoria,BC,A dark pub with a huge beer and cocktail menu,No,Yes,Yes,Yes,No,No
15,The Drake,"Craft Draught Beer, Gluten-free Friendly, Greatest Hits",http://drakeeatery.com/,517 Pandora Ave,Canada,Victoria,BC,The best beer selection in town,No,No,No,Yes,No,No
63,The Dutch Bakery,Sweet Snacks,https://thedutchbakery.com/,718 Fort St,Canada,Victoria,BC,Old school treats,No,Yes,No,No,No,No
275,The Heron Bar and Restaurant,,https://www.theheronpaddington.com/,Norfolk Cres,England,London,,Thai restaurant with a nice patio,No,Yes,Yes,No,No,No
276,The India Club,,https://www.theindiaclub.co.uk/,143 Strand,England,London,,Hotel bar with well-respected Indian menu,No,Yes,Yes,Yes,No,No
289,The Ivy,,https://www.the-ivy.co.uk/,1-5 West St,England,London,,Modern British in an art deco setting,No,Yes,Yes,Yes,No,No
78,The Jade Seafood,,,8511 Alexandra Rd,Canada,Richmond,BC,,No,No,No,No,No,No
48,The Joint,Gluten-free Friendly,https://thejointvictoria.com/,1219 Wharf St,Canada,Victoria,BC,Pizza with gluten-free options,No,Yes,Yes,No,No,No
277,The Kati Roll Company,,https://www.thekatirollcompany.com/,24 Poland St,England,London,,Indian flatbread wraps,No,Yes,Yes,No,No,No
272,The Laughing Heart,,http://thelaughingheartlondon.com/,277 Hackney Rd,England,London,,European small plates and wine,No,No,Yes,Yes,No,No
119,The Laundromat Cafe,,http://www.thelaundromatcafe.com/en/home,Austurstræti 9,Iceland,Reykjavik,,,No,No,No,No,No,No
229,The Main Dish,,http://www.tmdish.com/,903 General Ave NE,Canada,Calgary,AB,Some healthier options for when you need veggies,No,Yes,Yes,No,No,No
264,The Midnight Apothecary,,https://www.themidnightapothecary.co.uk/,"Railway Ave, Rotherhithe",England,London,,Cocktails at the Brunel museum,No,No,No,Yes,No,No
462,The Packing House,,https://www.anaheimpackingdistrict.com/merchants,440 S. Anaheim Blvd,USA,Disneyland,California,Food market hall,No,No,Yes,No,No,No
176,The Roost,,http://roostfarmcentre.com,9910 E Saanich rd,Canada,Sidney,BC,Cafe snacks and italian-inspired meals,Yes,Yes,Yes,No,No,No
165,The Ruby Downtown,Brunch for Days,,3110 Douglas St,Canada,Victoria,BC,Epic brunch options,Yes,Yes,No,No,No,No
99,The Ruby in the Hotel Zed,Brunch for Days,,,Canada,Victoria,BC,Epic brunch options,Yes,Yes,No,No,No,No
266,The Savoy,,,"The Savoy Hotel, Strand",England,London,,Perhaps the most famous hotel bar,No,No,No,Yes,No,No
254,The Very Good Butchers,Vegetarian,https://www.verygoodbutchers.com/pages/menu,"The Victoria Public Market, 1701 Douglas St #6",Canada,Victoria,BC,Meat-replacements that don't taste terrible,No,No,No,No,No,No
528,The Wicklow,,https://www.thewicklow.com/menu/,610 Stamps landing,Canada,Vancouver,BC,Marina-side pub with a variety of options,No,Yes,Yes,Yes,No,No
230,Thi Thi,,,209 1st St SE,Canada,Calgary,AB,The best bahn mi vietnamese sub I have ever had. Cash only!,No,Yes,No,No,No,No
438,Tiki Juice Bar,,https://allears.net/dlr/dining/menu/tiki-juice-bar/snacks/,Adventureland,USA,Disneyland,California,Dole Whip,No,No,No,No,No,No
431,Tlayuda Oaxacan,,https://www.ordertlayudala.com/#/,5450 CA-2,USA,Los Angeles,California,Take out mexican,No,Yes,Yes,No,No,No
554,Tom Sushi,,https://tomsushi.ca/,1175 Davie St,Canada,Vancouver,BC,Affordable but good quality sushi,No,Yes,Yes,No,No,No
265,Trader Vic's,,https://tradervicslondon.com/,"22 Park Ln, Mayfair",England,London,,All tiki,No,No,No,Yes,No,No
463,Trader Vics Bar,,https://disneyland.disney.go.com/dining/disneyland-hotel/trader-sams/,"Disneyland Hotel, 1150 West, Magic Way",USA,Disneyland,California,Small tiki-themed cocktail bar. Go mid afternoon for easier availability,No,No,No,Yes,No,No
367,Transit,,http://www.transit-restaurants.com/menu.html,"Rosenthaler Str. 68, 10119",Germany,Berlin,Brandenburg,Reasonably priced thai-indonesian,No,Yes,Yes,No,No,No
19,Tre Fantastico,Brunch for Days,https://caffefantastico.com/tre-fantastico/,810 Humbolt St,Canada,Victoria,BC,Always a great cup of coffee with a full menu,Yes,Yes,Yes,Yes,Yes,Yes
439,Tropical Hideaway,,https://allears.net/dlr/dining/menu/tropical-hideaway/all-day/,Adventureland,USA,Disneyland,California,Dole Whip and Bao,No,Yes,Yes,No,No,No
105,Tropical Island,,,,Canada,Victoria,BC,,No,No,No,No,No,No
87,Tsim Chai Noodle,,,8251 Westminster Hwy,Canada,Richmond,BC,,No,No,No,No,No,No
522,Uncle clay's,,,"820 W Hind Dr #116, Honolulu, HI 96821, United States",USA,Honolulu,Hawaii,Shave ice,No,No,No,No,No,No
531,Union,,http://theunionvancouver.ca/dinner/,219 Union Street,Canada,Vancouver,BC,"Weekend brunch, asian fusion",Yes,No,Yes,No,No,No
216,Va Q’ Va,,http://vaqva.com.mx/,Calle 107 Manzana 38 Lote 18 y 19,Mexico,Cancun,Quintana Roo,,No,No,No,No,No,No
151,Vegamót,,https://vegamot.is/,Vegamótastígur 4,Iceland,Reykjavik,Reykjavik,,No,No,No,No,No,No
505,Venturi-Schulze Vineyards,,,"4235 Vineyard Rd, Cobble Hill, BC V0R 1L5",Canada,Cobble H,BC,,No,No,No,Yes,No,No
263,Viaduct Tavern,,https://www.viaducttavern.co.uk/,126 Newgate St,England,London,,Ask to see the viaduct in the basement,No,No,No,Yes,No,No
125,Victoria Gin,,,,Canada,Sidney,BC,A distillery worth a tour,No,No,No,Yes,No,No
361,Vineria del Este,,,Bänschstrasse 41,Germany,Berlin,Brandenburg,Spanish tapas,No,No,Yes,Yes,No,No
518,Vis-a-Vis and Pennyfarthing Pub,Craft Draught Beer,https://www.visavisoakbay.com/,"2232 Oak Bay Ave,",Canada,Victoria,BC,"Upscale fare on one menu, English pub on the other - something for everyone!",No,Yes,Yes,No,No,No
189,Wah Wah Beach Bar,,http://www.wahwahbeach.com,Calle 2 Nte. Mz 1 Lt 1,Mexico,Playa del Carmen,Quintana Roo,,No,No,No,No,No,No
548,Waiola Shave Ice,,,"2135 Waiola St, Honolulu",USA,Honolulu,Hawaii,,No,Yes,Yes,No,No,No
472,Wayan´e,,,"412, Calle 59 408, Centro",Mexico,Merida,Yucatan,Cheap tacos,Yes,Yes,No,No,No,No
405,Wein Salon,,," Schreinerstraße 59, 10247 ",Germany,Berlin,Brandenburg,Wine in a retro East Berlin atmosphere,No,No,No,Yes,No,No
517,Whole Beast & Butcher,Local Specialities,http://www.thewholebeast.ca/,2032 Oak Bay Ave,Canada,Victoria,BC,Local meats and cured deliciousness,No,No,No,No,No,No
337,Wilbur Mexicana,,http://wilburmexicana.com/,552 King Street West,Canada,Toronto,ON,Highly recommended Mexican,No,Yes,Yes,No,No,No
42,Wild Mountain,,http://www.wildmountaindinners.com/,1831 Maple Avenue South,Canada,Sooke,BC,"Delicious, unpretentious and locally sourced",No,No,Yes,Yes,No,No
428,Winchell's Donuts,,https://www.winchells.com,716 N Western Ave,USA,Los Angeles,California,Donuts that come 14 to a dozen,No,No,No,No,Yes,Yes
88,Xi'An Cuisine,,,8260 Westminster Hwy,Canada,Richmond,BC,,No,No,No,No,No,No
149,XO,,http://xofood.is/,Hringbraut 103,Iceland,Reykjavik,Reykjavik,,No,No,No,No,No,No
294,YMCA Indian Student Hostel Restaurant,,,41 Fitzroy Square,England,London,,"Hole in the wall, super cheap Indian",No,Yes,Yes,No,No,No
466,Zaatar W Zeit,,http://www.zaatarwzeit.net/CA/Home,531 Granville Street,Canada,Vancouver,BC,Lebanese,No,Yes,Yes,No,No,No
36,Zambris,Belly up to the Bar,http://zambris.ca,820 Yates st,Canada,Victoria,BC,,No,No,No,No,No,No
163,Zanzibar,,,,Canada,Sidney,BC,,No,No,No,No,No,No